Protein ,Other name,MHET,TPA,Activity,logActivity
IsPETase,IsPETase,47,59.8,106.8,2.0326
IsPETase_S214H/I218F,IsPETase_S214H/I218F,5.5,1.8,7.3,0.9191
PbPL,PbPL,4.3,1.2,5.5,0.8129
PbPL_H216S,PbPL_H216S,1.8,0.9,2.7,0.5682
PbPL_F220I,PbPL_F220I,3.7,1.5,5.2,0.7924
PbPL_H216S/F220I,PbPL_H216S/F220I,31.1,16.5,47.6,1.6866
BurPL,BurPL,20.7,8.8,29.5,1.4843
BurPL_H344S,BurPL_H344S,3.4,1.2,4.6,0.7482
BurPL_F348I,BurPL_F348I,29.9,8.5,38.4,1.5955
BurPL_H344S/F348I,BurPL_H344S/F348I,61,34.8,95.8,1.9859
PpPL,PpPL,5,0,5,0.7782
PpPL_H225S/F229I,PpPL_H225S/F229I,0,0,0,0.0000
CtPL,CtPL,2,2,4,0.6990
CtPL_H210S/F214I,CtPL_H210S/F214I,23,7,30,1.4914
PET2,PET2,13,7,20,1.3222
PET2_H229S/F233I,PET2_H229S/F233I,5,30,35,1.5563
TfCut,TfCut,50,25,75,1.8808
TfCut_H224S/F228I,TfCut_H185S/F189I,120,80,200,2.3032
LCC,LCC,800,640,1440,3.1587
LCC_H218S/F222I,LCC_H218S/F222I,850,490,1340,3.1274
OaPL,OaPL,0,0,0,0.0000
OaPL_H196S/F200I,OaPL_H195S/F199I,0,0,0,0.0000